split,w_conf,level,budget,method,accuracy
ID,0.0,L0,0.1,fast,0.6601666666666667
ID,0.0,L0,0.1,confidence,0.6948333333333333
ID,0.0,L0,0.1,intuition,0.694
ID,0.0,L0,0.1,random,0.6961666666666667
ID,0.0,L0,0.1,oracle,0.7601666666666667
OOD,0.0,L0,0.1,fast,0.6651666666666667
OOD,0.0,L0,0.1,confidence,0.7003333333333334
OOD,0.0,L0,0.1,intuition,0.7008333333333333
OOD,0.0,L0,0.1,random,0.7036666666666667
OOD,0.0,L0,0.1,oracle,0.7651666666666667
ID,0.0,L0,0.2,fast,0.6601666666666667
ID,0.0,L0,0.2,confidence,0.7296666666666667
ID,0.0,L0,0.2,intuition,0.7298333333333333
ID,0.0,L0,0.2,random,0.7311666666666666
ID,0.0,L0,0.2,oracle,0.8601666666666666
OOD,0.0,L0,0.2,fast,0.6651666666666667
OOD,0.0,L0,0.2,confidence,0.7353333333333333
OOD,0.0,L0,0.2,intuition,0.7348333333333333
OOD,0.0,L0,0.2,random,0.7333333333333333
OOD,0.0,L0,0.2,oracle,0.8651666666666666
ID,0.0,L0,0.3,fast,0.6601666666666667
ID,0.0,L0,0.3,confidence,0.7638333333333334
ID,0.0,L0,0.3,intuition,0.7631666666666667
ID,0.0,L0,0.3,random,0.7628333333333334
ID,0.0,L0,0.3,oracle,0.9601666666666666
OOD,0.0,L0,0.3,fast,0.6651666666666667
OOD,0.0,L0,0.3,confidence,0.7686666666666667
OOD,0.0,L0,0.3,intuition,0.7708333333333334
OOD,0.0,L0,0.3,random,0.7665
OOD,0.0,L0,0.3,oracle,0.9651666666666666
ID,0.0,L0,0.4,fast,0.6601666666666667
ID,0.0,L0,0.4,confidence,0.7995
ID,0.0,L0,0.4,intuition,0.799
ID,0.0,L0,0.4,random,0.7993333333333333
ID,0.0,L0,0.4,oracle,1.0
OOD,0.0,L0,0.4,fast,0.6651666666666667
OOD,0.0,L0,0.4,confidence,0.8041666666666667
OOD,0.0,L0,0.4,intuition,0.8031666666666667
OOD,0.0,L0,0.4,random,0.7998333333333333
OOD,0.0,L0,0.4,oracle,1.0
ID,0.0,L1,0.1,fast,0.6601666666666667
ID,0.0,L1,0.1,confidence,0.6948333333333333
ID,0.0,L1,0.1,intuition,0.6948333333333333
ID,0.0,L1,0.1,random,0.6961666666666667
ID,0.0,L1,0.1,oracle,0.7601666666666667
OOD,0.0,L1,0.1,fast,0.6651666666666667
OOD,0.0,L1,0.1,confidence,0.7003333333333334
OOD,0.0,L1,0.1,intuition,0.7003333333333334
OOD,0.0,L1,0.1,random,0.7036666666666667
OOD,0.0,L1,0.1,oracle,0.7651666666666667
ID,0.0,L1,0.2,fast,0.6601666666666667
ID,0.0,L1,0.2,confidence,0.7296666666666667
ID,0.0,L1,0.2,intuition,0.7296666666666667
ID,0.0,L1,0.2,random,0.7311666666666666
ID,0.0,L1,0.2,oracle,0.8601666666666666
OOD,0.0,L1,0.2,fast,0.6651666666666667
OOD,0.0,L1,0.2,confidence,0.7353333333333333
OOD,0.0,L1,0.2,intuition,0.7353333333333333
OOD,0.0,L1,0.2,random,0.7333333333333333
OOD,0.0,L1,0.2,oracle,0.8651666666666666
ID,0.0,L1,0.3,fast,0.6601666666666667
ID,0.0,L1,0.3,confidence,0.7638333333333334
ID,0.0,L1,0.3,intuition,0.7638333333333334
ID,0.0,L1,0.3,random,0.7628333333333334
ID,0.0,L1,0.3,oracle,0.9601666666666666
OOD,0.0,L1,0.3,fast,0.6651666666666667
OOD,0.0,L1,0.3,confidence,0.7686666666666667
OOD,0.0,L1,0.3,intuition,0.7686666666666667
OOD,0.0,L1,0.3,random,0.7665
OOD,0.0,L1,0.3,oracle,0.9651666666666666
ID,0.0,L1,0.4,fast,0.6601666666666667
ID,0.0,L1,0.4,confidence,0.7995
ID,0.0,L1,0.4,intuition,0.7995
ID,0.0,L1,0.4,random,0.7993333333333333
ID,0.0,L1,0.4,oracle,1.0
OOD,0.0,L1,0.4,fast,0.6651666666666667
OOD,0.0,L1,0.4,confidence,0.8041666666666667
OOD,0.0,L1,0.4,intuition,0.8041666666666667
OOD,0.0,L1,0.4,random,0.7998333333333333
OOD,0.0,L1,0.4,oracle,1.0
ID,0.0,L2,0.1,fast,0.6601666666666667
ID,0.0,L2,0.1,confidence,0.6948333333333333
ID,0.0,L2,0.1,intuition,0.71
ID,0.0,L2,0.1,random,0.6961666666666667
ID,0.0,L2,0.1,oracle,0.7601666666666667
OOD,0.0,L2,0.1,fast,0.6651666666666667
OOD,0.0,L2,0.1,confidence,0.7003333333333334
OOD,0.0,L2,0.1,intuition,0.7151666666666666
OOD,0.0,L2,0.1,random,0.7036666666666667
OOD,0.0,L2,0.1,oracle,0.7651666666666667
ID,0.0,L2,0.2,fast,0.6601666666666667
ID,0.0,L2,0.2,confidence,0.7296666666666667
ID,0.0,L2,0.2,intuition,0.7561666666666667
ID,0.0,L2,0.2,random,0.7311666666666666
ID,0.0,L2,0.2,oracle,0.8601666666666666
OOD,0.0,L2,0.2,fast,0.6651666666666667
OOD,0.0,L2,0.2,confidence,0.7353333333333333
OOD,0.0,L2,0.2,intuition,0.7591666666666667
OOD,0.0,L2,0.2,random,0.7333333333333333
OOD,0.0,L2,0.2,oracle,0.8651666666666666
ID,0.0,L2,0.3,fast,0.6601666666666667
ID,0.0,L2,0.3,confidence,0.7638333333333334
ID,0.0,L2,0.3,intuition,0.7963333333333333
ID,0.0,L2,0.3,random,0.7628333333333334
ID,0.0,L2,0.3,oracle,0.9601666666666666
OOD,0.0,L2,0.3,fast,0.6651666666666667
OOD,0.0,L2,0.3,confidence,0.7686666666666667
OOD,0.0,L2,0.3,intuition,0.797
OOD,0.0,L2,0.3,random,0.7665
OOD,0.0,L2,0.3,oracle,0.9651666666666666
ID,0.0,L2,0.4,fast,0.6601666666666667
ID,0.0,L2,0.4,confidence,0.7995
ID,0.0,L2,0.4,intuition,0.835
ID,0.0,L2,0.4,random,0.7993333333333333
ID,0.0,L2,0.4,oracle,1.0
OOD,0.0,L2,0.4,fast,0.6651666666666667
OOD,0.0,L2,0.4,confidence,0.8041666666666667
OOD,0.0,L2,0.4,intuition,0.8341666666666666
OOD,0.0,L2,0.4,random,0.7998333333333333
OOD,0.0,L2,0.4,oracle,1.0
ID,0.0,L3,0.1,fast,0.6601666666666667
ID,0.0,L3,0.1,confidence,0.6948333333333333
ID,0.0,L3,0.1,intuition,0.7223333333333334
ID,0.0,L3,0.1,random,0.6961666666666667
ID,0.0,L3,0.1,oracle,0.7601666666666667
OOD,0.0,L3,0.1,fast,0.6651666666666667
OOD,0.0,L3,0.1,confidence,0.7003333333333334
OOD,0.0,L3,0.1,intuition,0.728
OOD,0.0,L3,0.1,random,0.7036666666666667
OOD,0.0,L3,0.1,oracle,0.7651666666666667
ID,0.0,L3,0.2,fast,0.6601666666666667
ID,0.0,L3,0.2,confidence,0.7296666666666667
ID,0.0,L3,0.2,intuition,0.7736666666666666
ID,0.0,L3,0.2,random,0.7311666666666666
ID,0.0,L3,0.2,oracle,0.8601666666666666
OOD,0.0,L3,0.2,fast,0.6651666666666667
OOD,0.0,L3,0.2,confidence,0.7353333333333333
OOD,0.0,L3,0.2,intuition,0.7811666666666667
OOD,0.0,L3,0.2,random,0.7333333333333333
OOD,0.0,L3,0.2,oracle,0.8651666666666666
ID,0.0,L3,0.3,fast,0.6601666666666667
ID,0.0,L3,0.3,confidence,0.7638333333333334
ID,0.0,L3,0.3,intuition,0.8236666666666667
ID,0.0,L3,0.3,random,0.7628333333333334
ID,0.0,L3,0.3,oracle,0.9601666666666666
OOD,0.0,L3,0.3,fast,0.6651666666666667
OOD,0.0,L3,0.3,confidence,0.7686666666666667
OOD,0.0,L3,0.3,intuition,0.8266666666666667
OOD,0.0,L3,0.3,random,0.7665
OOD,0.0,L3,0.3,oracle,0.9651666666666666
ID,0.0,L3,0.4,fast,0.6601666666666667
ID,0.0,L3,0.4,confidence,0.7995
ID,0.0,L3,0.4,intuition,0.8641666666666666
ID,0.0,L3,0.4,random,0.7993333333333333
ID,0.0,L3,0.4,oracle,1.0
OOD,0.0,L3,0.4,fast,0.6651666666666667
OOD,0.0,L3,0.4,confidence,0.8041666666666667
OOD,0.0,L3,0.4,intuition,0.8633333333333333
OOD,0.0,L3,0.4,random,0.7998333333333333
OOD,0.0,L3,0.4,oracle,1.0
ID,0.0,L4,0.1,fast,0.6601666666666667
ID,0.0,L4,0.1,confidence,0.6948333333333333
ID,0.0,L4,0.1,intuition,0.7315
ID,0.0,L4,0.1,random,0.6961666666666667
ID,0.0,L4,0.1,oracle,0.7601666666666667
OOD,0.0,L4,0.1,fast,0.6651666666666667
OOD,0.0,L4,0.1,confidence,0.7003333333333334
OOD,0.0,L4,0.1,intuition,0.7386666666666667
OOD,0.0,L4,0.1,random,0.7036666666666667
OOD,0.0,L4,0.1,oracle,0.7651666666666667
ID,0.0,L4,0.2,fast,0.6601666666666667
ID,0.0,L4,0.2,confidence,0.7296666666666667
ID,0.0,L4,0.2,intuition,0.788
ID,0.0,L4,0.2,random,0.7311666666666666
ID,0.0,L4,0.2,oracle,0.8601666666666666
OOD,0.0,L4,0.2,fast,0.6651666666666667
OOD,0.0,L4,0.2,confidence,0.7353333333333333
OOD,0.0,L4,0.2,intuition,0.7953333333333333
OOD,0.0,L4,0.2,random,0.7333333333333333
OOD,0.0,L4,0.2,oracle,0.8651666666666666
ID,0.0,L4,0.3,fast,0.6601666666666667
ID,0.0,L4,0.3,confidence,0.7638333333333334
ID,0.0,L4,0.3,intuition,0.84
ID,0.0,L4,0.3,random,0.7628333333333334
ID,0.0,L4,0.3,oracle,0.9601666666666666
OOD,0.0,L4,0.3,fast,0.6651666666666667
OOD,0.0,L4,0.3,confidence,0.7686666666666667
OOD,0.0,L4,0.3,intuition,0.8423333333333334
OOD,0.0,L4,0.3,random,0.7665
OOD,0.0,L4,0.3,oracle,0.9651666666666666
ID,0.0,L4,0.4,fast,0.6601666666666667
ID,0.0,L4,0.4,confidence,0.7995
ID,0.0,L4,0.4,intuition,0.879
ID,0.0,L4,0.4,random,0.7993333333333333
ID,0.0,L4,0.4,oracle,1.0
OOD,0.0,L4,0.4,fast,0.6651666666666667
OOD,0.0,L4,0.4,confidence,0.8041666666666667
OOD,0.0,L4,0.4,intuition,0.8831666666666667
OOD,0.0,L4,0.4,random,0.7998333333333333
OOD,0.0,L4,0.4,oracle,1.0
ID,0.5,L0,0.1,fast,0.657
ID,0.5,L0,0.1,confidence,0.7018333333333333
ID,0.5,L0,0.1,intuition,0.7018333333333333
ID,0.5,L0,0.1,random,0.6896666666666667
ID,0.5,L0,0.1,oracle,0.757
OOD,0.5,L0,0.1,fast,0.6656666666666666
OOD,0.5,L0,0.1,confidence,0.7111666666666666
OOD,0.5,L0,0.1,intuition,0.711
OOD,0.5,L0,0.1,random,0.7003333333333334
OOD,0.5,L0,0.1,oracle,0.7656666666666667
ID,0.5,L0,0.2,fast,0.657
ID,0.5,L0,0.2,confidence,0.7476666666666667
ID,0.5,L0,0.2,intuition,0.7475
ID,0.5,L0,0.2,random,0.7246666666666667
ID,0.5,L0,0.2,oracle,0.857
OOD,0.5,L0,0.2,fast,0.6656666666666666
OOD,0.5,L0,0.2,confidence,0.7543333333333333
OOD,0.5,L0,0.2,intuition,0.7541666666666667
OOD,0.5,L0,0.2,random,0.7295
OOD,0.5,L0,0.2,oracle,0.8656666666666667
ID,0.5,L0,0.3,fast,0.657
ID,0.5,L0,0.3,confidence,0.7895
ID,0.5,L0,0.3,intuition,0.7891666666666667
ID,0.5,L0,0.3,random,0.7646666666666667
ID,0.5,L0,0.3,oracle,0.957
OOD,0.5,L0,0.3,fast,0.6656666666666666
OOD,0.5,L0,0.3,confidence,0.7955
OOD,0.5,L0,0.3,intuition,0.7955
OOD,0.5,L0,0.3,random,0.7615
OOD,0.5,L0,0.3,oracle,0.9656666666666667
ID,0.5,L0,0.4,fast,0.657
ID,0.5,L0,0.4,confidence,0.8256666666666667
ID,0.5,L0,0.4,intuition,0.8253333333333334
ID,0.5,L0,0.4,random,0.7953333333333333
ID,0.5,L0,0.4,oracle,1.0
OOD,0.5,L0,0.4,fast,0.6656666666666666
OOD,0.5,L0,0.4,confidence,0.8316666666666667
OOD,0.5,L0,0.4,intuition,0.8315
OOD,0.5,L0,0.4,random,0.8043333333333333
OOD,0.5,L0,0.4,oracle,1.0
ID,0.5,L1,0.1,fast,0.657
ID,0.5,L1,0.1,confidence,0.7018333333333333
ID,0.5,L1,0.1,intuition,0.7018333333333333
ID,0.5,L1,0.1,random,0.6896666666666667
ID,0.5,L1,0.1,oracle,0.757
OOD,0.5,L1,0.1,fast,0.6656666666666666
OOD,0.5,L1,0.1,confidence,0.7111666666666666
OOD,0.5,L1,0.1,intuition,0.7111666666666666
OOD,0.5,L1,0.1,random,0.7003333333333334
OOD,0.5,L1,0.1,oracle,0.7656666666666667
ID,0.5,L1,0.2,fast,0.657
ID,0.5,L1,0.2,confidence,0.7476666666666667
ID,0.5,L1,0.2,intuition,0.7476666666666667
ID,0.5,L1,0.2,random,0.7246666666666667
ID,0.5,L1,0.2,oracle,0.857
OOD,0.5,L1,0.2,fast,0.6656666666666666
OOD,0.5,L1,0.2,confidence,0.7543333333333333
OOD,0.5,L1,0.2,intuition,0.7543333333333333
OOD,0.5,L1,0.2,random,0.7295
OOD,0.5,L1,0.2,oracle,0.8656666666666667
ID,0.5,L1,0.3,fast,0.657
ID,0.5,L1,0.3,confidence,0.7895
ID,0.5,L1,0.3,intuition,0.7895
ID,0.5,L1,0.3,random,0.7646666666666667
ID,0.5,L1,0.3,oracle,0.957
OOD,0.5,L1,0.3,fast,0.6656666666666666
OOD,0.5,L1,0.3,confidence,0.7955
OOD,0.5,L1,0.3,intuition,0.7955
OOD,0.5,L1,0.3,random,0.7615
OOD,0.5,L1,0.3,oracle,0.9656666666666667
ID,0.5,L1,0.4,fast,0.657
ID,0.5,L1,0.4,confidence,0.8256666666666667
ID,0.5,L1,0.4,intuition,0.8256666666666667
ID,0.5,L1,0.4,random,0.7953333333333333
ID,0.5,L1,0.4,oracle,1.0
OOD,0.5,L1,0.4,fast,0.6656666666666666
OOD,0.5,L1,0.4,confidence,0.8316666666666667
OOD,0.5,L1,0.4,intuition,0.8316666666666667
OOD,0.5,L1,0.4,random,0.8043333333333333
OOD,0.5,L1,0.4,oracle,1.0
ID,0.5,L2,0.1,fast,0.657
ID,0.5,L2,0.1,confidence,0.7018333333333333
ID,0.5,L2,0.1,intuition,0.7118333333333333
ID,0.5,L2,0.1,random,0.6896666666666667
ID,0.5,L2,0.1,oracle,0.757
OOD,0.5,L2,0.1,fast,0.6656666666666666
OOD,0.5,L2,0.1,confidence,0.7111666666666666
OOD,0.5,L2,0.1,intuition,0.7231666666666666
OOD,0.5,L2,0.1,random,0.7003333333333334
OOD,0.5,L2,0.1,oracle,0.7656666666666667
ID,0.5,L2,0.2,fast,0.657
ID,0.5,L2,0.2,confidence,0.7476666666666667
ID,0.5,L2,0.2,intuition,0.7596666666666667
ID,0.5,L2,0.2,random,0.7246666666666667
ID,0.5,L2,0.2,oracle,0.857
OOD,0.5,L2,0.2,fast,0.6656666666666666
OOD,0.5,L2,0.2,confidence,0.7543333333333333
OOD,0.5,L2,0.2,intuition,0.7698333333333334
OOD,0.5,L2,0.2,random,0.7295
OOD,0.5,L2,0.2,oracle,0.8656666666666667
ID,0.5,L2,0.3,fast,0.657
ID,0.5,L2,0.3,confidence,0.7895
ID,0.5,L2,0.3,intuition,0.8031666666666667
ID,0.5,L2,0.3,random,0.7646666666666667
ID,0.5,L2,0.3,oracle,0.957
OOD,0.5,L2,0.3,fast,0.6656666666666666
OOD,0.5,L2,0.3,confidence,0.7955
OOD,0.5,L2,0.3,intuition,0.8143333333333334
OOD,0.5,L2,0.3,random,0.7615
OOD,0.5,L2,0.3,oracle,0.9656666666666667
ID,0.5,L2,0.4,fast,0.657
ID,0.5,L2,0.4,confidence,0.8256666666666667
ID,0.5,L2,0.4,intuition,0.8425
ID,0.5,L2,0.4,random,0.7953333333333333
ID,0.5,L2,0.4,oracle,1.0
OOD,0.5,L2,0.4,fast,0.6656666666666666
OOD,0.5,L2,0.4,confidence,0.8316666666666667
OOD,0.5,L2,0.4,intuition,0.852
OOD,0.5,L2,0.4,random,0.8043333333333333
OOD,0.5,L2,0.4,oracle,1.0
ID,0.5,L3,0.1,fast,0.657
ID,0.5,L3,0.1,confidence,0.7018333333333333
ID,0.5,L3,0.1,intuition,0.7253333333333334
ID,0.5,L3,0.1,random,0.6896666666666667
ID,0.5,L3,0.1,oracle,0.757
OOD,0.5,L3,0.1,fast,0.6656666666666666
OOD,0.5,L3,0.1,confidence,0.7111666666666666
OOD,0.5,L3,0.1,intuition,0.7335
OOD,0.5,L3,0.1,random,0.7003333333333334
OOD,0.5,L3,0.1,oracle,0.7656666666666667
ID,0.5,L3,0.2,fast,0.657
ID,0.5,L3,0.2,confidence,0.7476666666666667
ID,0.5,L3,0.2,intuition,0.782
ID,0.5,L3,0.2,random,0.7246666666666667
ID,0.5,L3,0.2,oracle,0.857
OOD,0.5,L3,0.2,fast,0.6656666666666666
OOD,0.5,L3,0.2,confidence,0.7543333333333333
OOD,0.5,L3,0.2,intuition,0.7821666666666667
OOD,0.5,L3,0.2,random,0.7295
OOD,0.5,L3,0.2,oracle,0.8656666666666667
ID,0.5,L3,0.3,fast,0.657
ID,0.5,L3,0.3,confidence,0.7895
ID,0.5,L3,0.3,intuition,0.8265
ID,0.5,L3,0.3,random,0.7646666666666667
ID,0.5,L3,0.3,oracle,0.957
OOD,0.5,L3,0.3,fast,0.6656666666666666
OOD,0.5,L3,0.3,confidence,0.7955
OOD,0.5,L3,0.3,intuition,0.8293333333333334
OOD,0.5,L3,0.3,random,0.7615
OOD,0.5,L3,0.3,oracle,0.9656666666666667
ID,0.5,L3,0.4,fast,0.657
ID,0.5,L3,0.4,confidence,0.8256666666666667
ID,0.5,L3,0.4,intuition,0.8666666666666667
ID,0.5,L3,0.4,random,0.7953333333333333
ID,0.5,L3,0.4,oracle,1.0
OOD,0.5,L3,0.4,fast,0.6656666666666666
OOD,0.5,L3,0.4,confidence,0.8316666666666667
OOD,0.5,L3,0.4,intuition,0.8698333333333333
OOD,0.5,L3,0.4,random,0.8043333333333333
OOD,0.5,L3,0.4,oracle,1.0
ID,0.5,L4,0.1,fast,0.657
ID,0.5,L4,0.1,confidence,0.7018333333333333
ID,0.5,L4,0.1,intuition,0.7308333333333333
ID,0.5,L4,0.1,random,0.6896666666666667
ID,0.5,L4,0.1,oracle,0.757
OOD,0.5,L4,0.1,fast,0.6656666666666666
OOD,0.5,L4,0.1,confidence,0.7111666666666666
OOD,0.5,L4,0.1,intuition,0.7411666666666666
OOD,0.5,L4,0.1,random,0.7003333333333334
OOD,0.5,L4,0.1,oracle,0.7656666666666667
ID,0.5,L4,0.2,fast,0.657
ID,0.5,L4,0.2,confidence,0.7476666666666667
ID,0.5,L4,0.2,intuition,0.7911666666666667
ID,0.5,L4,0.2,random,0.7246666666666667
ID,0.5,L4,0.2,oracle,0.857
OOD,0.5,L4,0.2,fast,0.6656666666666666
OOD,0.5,L4,0.2,confidence,0.7543333333333333
OOD,0.5,L4,0.2,intuition,0.8011666666666667
OOD,0.5,L4,0.2,random,0.7295
OOD,0.5,L4,0.2,oracle,0.8656666666666667
ID,0.5,L4,0.3,fast,0.657
ID,0.5,L4,0.3,confidence,0.7895
ID,0.5,L4,0.3,intuition,0.8415
ID,0.5,L4,0.3,random,0.7646666666666667
ID,0.5,L4,0.3,oracle,0.957
OOD,0.5,L4,0.3,fast,0.6656666666666666
OOD,0.5,L4,0.3,confidence,0.7955
OOD,0.5,L4,0.3,intuition,0.8503333333333334
OOD,0.5,L4,0.3,random,0.7615
OOD,0.5,L4,0.3,oracle,0.9656666666666667
ID,0.5,L4,0.4,fast,0.657
ID,0.5,L4,0.4,confidence,0.8256666666666667
ID,0.5,L4,0.4,intuition,0.8856666666666667
ID,0.5,L4,0.4,random,0.7953333333333333
ID,0.5,L4,0.4,oracle,1.0
OOD,0.5,L4,0.4,fast,0.6656666666666666
OOD,0.5,L4,0.4,confidence,0.8316666666666667
OOD,0.5,L4,0.4,intuition,0.89
OOD,0.5,L4,0.4,random,0.8043333333333333
OOD,0.5,L4,0.4,oracle,1.0
ID,1.1,L0,0.1,fast,0.6413333333333333
ID,1.1,L0,0.1,confidence,0.7006666666666667
ID,1.1,L0,0.1,intuition,0.7005
ID,1.1,L0,0.1,random,0.674
ID,1.1,L0,0.1,oracle,0.7413333333333333
OOD,1.1,L0,0.1,fast,0.6456666666666667
OOD,1.1,L0,0.1,confidence,0.7043333333333334
OOD,1.1,L0,0.1,intuition,0.7035
OOD,1.1,L0,0.1,random,0.682
OOD,1.1,L0,0.1,oracle,0.7456666666666667
ID,1.1,L0,0.2,fast,0.6413333333333333
ID,1.1,L0,0.2,confidence,0.7576666666666667
ID,1.1,L0,0.2,intuition,0.7578333333333334
ID,1.1,L0,0.2,random,0.7133333333333334
ID,1.1,L0,0.2,oracle,0.8413333333333334
OOD,1.1,L0,0.2,fast,0.6456666666666667
OOD,1.1,L0,0.2,confidence,0.7553333333333333
OOD,1.1,L0,0.2,intuition,0.7551666666666667
OOD,1.1,L0,0.2,random,0.714
OOD,1.1,L0,0.2,oracle,0.8456666666666667
ID,1.1,L0,0.3,fast,0.6413333333333333
ID,1.1,L0,0.3,confidence,0.8088333333333333
ID,1.1,L0,0.3,intuition,0.8093333333333333
ID,1.1,L0,0.3,random,0.7551666666666667
ID,1.1,L0,0.3,oracle,0.9413333333333334
OOD,1.1,L0,0.3,fast,0.6456666666666667
OOD,1.1,L0,0.3,confidence,0.8045
OOD,1.1,L0,0.3,intuition,0.8051666666666667
OOD,1.1,L0,0.3,random,0.7543333333333333
OOD,1.1,L0,0.3,oracle,0.9456666666666667
ID,1.1,L0,0.4,fast,0.6413333333333333
ID,1.1,L0,0.4,confidence,0.8533333333333334
ID,1.1,L0,0.4,intuition,0.853
ID,1.1,L0,0.4,random,0.7918333333333333
ID,1.1,L0,0.4,oracle,1.0
OOD,1.1,L0,0.4,fast,0.6456666666666667
OOD,1.1,L0,0.4,confidence,0.8533333333333334
OOD,1.1,L0,0.4,intuition,0.8536666666666667
OOD,1.1,L0,0.4,random,0.785
OOD,1.1,L0,0.4,oracle,1.0
ID,1.1,L1,0.1,fast,0.6413333333333333
ID,1.1,L1,0.1,confidence,0.7006666666666667
ID,1.1,L1,0.1,intuition,0.7006666666666667
ID,1.1,L1,0.1,random,0.674
ID,1.1,L1,0.1,oracle,0.7413333333333333
OOD,1.1,L1,0.1,fast,0.6456666666666667
OOD,1.1,L1,0.1,confidence,0.7043333333333334
OOD,1.1,L1,0.1,intuition,0.7043333333333334
OOD,1.1,L1,0.1,random,0.682
OOD,1.1,L1,0.1,oracle,0.7456666666666667
ID,1.1,L1,0.2,fast,0.6413333333333333
ID,1.1,L1,0.2,confidence,0.7576666666666667
ID,1.1,L1,0.2,intuition,0.7576666666666667
ID,1.1,L1,0.2,random,0.7133333333333334
ID,1.1,L1,0.2,oracle,0.8413333333333334
OOD,1.1,L1,0.2,fast,0.6456666666666667
OOD,1.1,L1,0.2,confidence,0.7553333333333333
OOD,1.1,L1,0.2,intuition,0.7553333333333333
OOD,1.1,L1,0.2,random,0.714
OOD,1.1,L1,0.2,oracle,0.8456666666666667
ID,1.1,L1,0.3,fast,0.6413333333333333
ID,1.1,L1,0.3,confidence,0.8088333333333333
ID,1.1,L1,0.3,intuition,0.8088333333333333
ID,1.1,L1,0.3,random,0.7551666666666667
ID,1.1,L1,0.3,oracle,0.9413333333333334
OOD,1.1,L1,0.3,fast,0.6456666666666667
OOD,1.1,L1,0.3,confidence,0.8045
OOD,1.1,L1,0.3,intuition,0.8045
OOD,1.1,L1,0.3,random,0.7543333333333333
OOD,1.1,L1,0.3,oracle,0.9456666666666667
ID,1.1,L1,0.4,fast,0.6413333333333333
ID,1.1,L1,0.4,confidence,0.8533333333333334
ID,1.1,L1,0.4,intuition,0.8533333333333334
ID,1.1,L1,0.4,random,0.7918333333333333
ID,1.1,L1,0.4,oracle,1.0
OOD,1.1,L1,0.4,fast,0.6456666666666667
OOD,1.1,L1,0.4,confidence,0.8533333333333334
OOD,1.1,L1,0.4,intuition,0.8533333333333334
OOD,1.1,L1,0.4,random,0.785
OOD,1.1,L1,0.4,oracle,1.0
ID,1.1,L2,0.1,fast,0.6413333333333333
ID,1.1,L2,0.1,confidence,0.7006666666666667
ID,1.1,L2,0.1,intuition,0.7078333333333333
ID,1.1,L2,0.1,random,0.674
ID,1.1,L2,0.1,oracle,0.7413333333333333
OOD,1.1,L2,0.1,fast,0.6456666666666667
OOD,1.1,L2,0.1,confidence,0.7043333333333334
OOD,1.1,L2,0.1,intuition,0.7118333333333333
OOD,1.1,L2,0.1,random,0.682
OOD,1.1,L2,0.1,oracle,0.7456666666666667
ID,1.1,L2,0.2,fast,0.6413333333333333
ID,1.1,L2,0.2,confidence,0.7576666666666667
ID,1.1,L2,0.2,intuition,0.7665
ID,1.1,L2,0.2,random,0.7133333333333334
ID,1.1,L2,0.2,oracle,0.8413333333333334
OOD,1.1,L2,0.2,fast,0.6456666666666667
OOD,1.1,L2,0.2,confidence,0.7553333333333333
OOD,1.1,L2,0.2,intuition,0.7658333333333334
OOD,1.1,L2,0.2,random,0.714
OOD,1.1,L2,0.2,oracle,0.8456666666666667
ID,1.1,L2,0.3,fast,0.6413333333333333
ID,1.1,L2,0.3,confidence,0.8088333333333333
ID,1.1,L2,0.3,intuition,0.8181666666666667
ID,1.1,L2,0.3,random,0.7551666666666667
ID,1.1,L2,0.3,oracle,0.9413333333333334
OOD,1.1,L2,0.3,fast,0.6456666666666667
OOD,1.1,L2,0.3,confidence,0.8045
OOD,1.1,L2,0.3,intuition,0.814
OOD,1.1,L2,0.3,random,0.7543333333333333
OOD,1.1,L2,0.3,oracle,0.9456666666666667
ID,1.1,L2,0.4,fast,0.6413333333333333
ID,1.1,L2,0.4,confidence,0.8533333333333334
ID,1.1,L2,0.4,intuition,0.8601666666666666
ID,1.1,L2,0.4,random,0.7918333333333333
ID,1.1,L2,0.4,oracle,1.0
OOD,1.1,L2,0.4,fast,0.6456666666666667
OOD,1.1,L2,0.4,confidence,0.8533333333333334
OOD,1.1,L2,0.4,intuition,0.8596666666666667
OOD,1.1,L2,0.4,random,0.785
OOD,1.1,L2,0.4,oracle,1.0
ID,1.1,L3,0.1,fast,0.6413333333333333
ID,1.1,L3,0.1,confidence,0.7006666666666667
ID,1.1,L3,0.1,intuition,0.7166666666666667
ID,1.1,L3,0.1,random,0.674
ID,1.1,L3,0.1,oracle,0.7413333333333333
OOD,1.1,L3,0.1,fast,0.6456666666666667
OOD,1.1,L3,0.1,confidence,0.7043333333333334
OOD,1.1,L3,0.1,intuition,0.7203333333333334
OOD,1.1,L3,0.1,random,0.682
OOD,1.1,L3,0.1,oracle,0.7456666666666667
ID,1.1,L3,0.2,fast,0.6413333333333333
ID,1.1,L3,0.2,confidence,0.7576666666666667
ID,1.1,L3,0.2,intuition,0.7775
ID,1.1,L3,0.2,random,0.7133333333333334
ID,1.1,L3,0.2,oracle,0.8413333333333334
OOD,1.1,L3,0.2,fast,0.6456666666666667
OOD,1.1,L3,0.2,confidence,0.7553333333333333
OOD,1.1,L3,0.2,intuition,0.7806666666666666
OOD,1.1,L3,0.2,random,0.714
OOD,1.1,L3,0.2,oracle,0.8456666666666667
ID,1.1,L3,0.3,fast,0.6413333333333333
ID,1.1,L3,0.3,confidence,0.8088333333333333
ID,1.1,L3,0.3,intuition,0.8286666666666667
ID,1.1,L3,0.3,random,0.7551666666666667
ID,1.1,L3,0.3,oracle,0.9413333333333334
OOD,1.1,L3,0.3,fast,0.6456666666666667
OOD,1.1,L3,0.3,confidence,0.8045
OOD,1.1,L3,0.3,intuition,0.8293333333333334
OOD,1.1,L3,0.3,random,0.7543333333333333
OOD,1.1,L3,0.3,oracle,0.9456666666666667
ID,1.1,L3,0.4,fast,0.6413333333333333
ID,1.1,L3,0.4,confidence,0.8533333333333334
ID,1.1,L3,0.4,intuition,0.8748333333333334
ID,1.1,L3,0.4,random,0.7918333333333333
ID,1.1,L3,0.4,oracle,1.0
OOD,1.1,L3,0.4,fast,0.6456666666666667
OOD,1.1,L3,0.4,confidence,0.8533333333333334
OOD,1.1,L3,0.4,intuition,0.8718333333333333
OOD,1.1,L3,0.4,random,0.785
OOD,1.1,L3,0.4,oracle,1.0
ID,1.1,L4,0.1,fast,0.6413333333333333
ID,1.1,L4,0.1,confidence,0.7006666666666667
ID,1.1,L4,0.1,intuition,0.7235
ID,1.1,L4,0.1,random,0.674
ID,1.1,L4,0.1,oracle,0.7413333333333333
OOD,1.1,L4,0.1,fast,0.6456666666666667
OOD,1.1,L4,0.1,confidence,0.7043333333333334
OOD,1.1,L4,0.1,intuition,0.7276666666666667
OOD,1.1,L4,0.1,random,0.682
OOD,1.1,L4,0.1,oracle,0.7456666666666667
ID,1.1,L4,0.2,fast,0.6413333333333333
ID,1.1,L4,0.2,confidence,0.7576666666666667
ID,1.1,L4,0.2,intuition,0.7903333333333333
ID,1.1,L4,0.2,random,0.7133333333333334
ID,1.1,L4,0.2,oracle,0.8413333333333334
OOD,1.1,L4,0.2,fast,0.6456666666666667
OOD,1.1,L4,0.2,confidence,0.7553333333333333
OOD,1.1,L4,0.2,intuition,0.7925
OOD,1.1,L4,0.2,random,0.714
OOD,1.1,L4,0.2,oracle,0.8456666666666667
ID,1.1,L4,0.3,fast,0.6413333333333333
ID,1.1,L4,0.3,confidence,0.8088333333333333
ID,1.1,L4,0.3,intuition,0.8453333333333334
ID,1.1,L4,0.3,random,0.7551666666666667
ID,1.1,L4,0.3,oracle,0.9413333333333334
OOD,1.1,L4,0.3,fast,0.6456666666666667
OOD,1.1,L4,0.3,confidence,0.8045
OOD,1.1,L4,0.3,intuition,0.844
OOD,1.1,L4,0.3,random,0.7543333333333333
OOD,1.1,L4,0.3,oracle,0.9456666666666667
ID,1.1,L4,0.4,fast,0.6413333333333333
ID,1.1,L4,0.4,confidence,0.8533333333333334
ID,1.1,L4,0.4,intuition,0.8876666666666667
ID,1.1,L4,0.4,random,0.7918333333333333
ID,1.1,L4,0.4,oracle,1.0
OOD,1.1,L4,0.4,fast,0.6456666666666667
OOD,1.1,L4,0.4,confidence,0.8533333333333334
OOD,1.1,L4,0.4,intuition,0.8888333333333334
OOD,1.1,L4,0.4,random,0.785
OOD,1.1,L4,0.4,oracle,1.0
ID,2.0,L0,0.1,fast,0.6
ID,2.0,L0,0.1,confidence,0.6756666666666666
ID,2.0,L0,0.1,intuition,0.676
ID,2.0,L0,0.1,random,0.6373333333333333
ID,2.0,L0,0.1,oracle,0.7
OOD,2.0,L0,0.1,fast,0.6033333333333334
OOD,2.0,L0,0.1,confidence,0.6768333333333333
OOD,2.0,L0,0.1,intuition,0.6766666666666666
OOD,2.0,L0,0.1,random,0.6373333333333333
OOD,2.0,L0,0.1,oracle,0.7033333333333334
ID,2.0,L0,0.2,fast,0.6
ID,2.0,L0,0.2,confidence,0.7455
ID,2.0,L0,0.2,intuition,0.7451666666666666
ID,2.0,L0,0.2,random,0.6775
ID,2.0,L0,0.2,oracle,0.8
OOD,2.0,L0,0.2,fast,0.6033333333333334
OOD,2.0,L0,0.2,confidence,0.7481666666666666
OOD,2.0,L0,0.2,intuition,0.7486666666666667
OOD,2.0,L0,0.2,random,0.6821666666666667
OOD,2.0,L0,0.2,oracle,0.8033333333333333
ID,2.0,L0,0.3,fast,0.6
ID,2.0,L0,0.3,confidence,0.8088333333333333
ID,2.0,L0,0.3,intuition,0.8086666666666666
ID,2.0,L0,0.3,random,0.7131666666666666
ID,2.0,L0,0.3,oracle,0.9
OOD,2.0,L0,0.3,fast,0.6033333333333334
OOD,2.0,L0,0.3,confidence,0.812
OOD,2.0,L0,0.3,intuition,0.8121666666666667
OOD,2.0,L0,0.3,random,0.7228333333333333
OOD,2.0,L0,0.3,oracle,0.9033333333333333
ID,2.0,L0,0.4,fast,0.6
ID,2.0,L0,0.4,confidence,0.865
ID,2.0,L0,0.4,intuition,0.8655
ID,2.0,L0,0.4,random,0.7636666666666667
ID,2.0,L0,0.4,oracle,1.0
OOD,2.0,L0,0.4,fast,0.6033333333333334
OOD,2.0,L0,0.4,confidence,0.868
OOD,2.0,L0,0.4,intuition,0.868
OOD,2.0,L0,0.4,random,0.7565
OOD,2.0,L0,0.4,oracle,1.0
ID,2.0,L1,0.1,fast,0.6
ID,2.0,L1,0.1,confidence,0.6756666666666666
ID,2.0,L1,0.1,intuition,0.6756666666666666
ID,2.0,L1,0.1,random,0.6373333333333333
ID,2.0,L1,0.1,oracle,0.7
OOD,2.0,L1,0.1,fast,0.6033333333333334
OOD,2.0,L1,0.1,confidence,0.6768333333333333
OOD,2.0,L1,0.1,intuition,0.6768333333333333
OOD,2.0,L1,0.1,random,0.6373333333333333
OOD,2.0,L1,0.1,oracle,0.7033333333333334
ID,2.0,L1,0.2,fast,0.6
ID,2.0,L1,0.2,confidence,0.7455
ID,2.0,L1,0.2,intuition,0.7455
ID,2.0,L1,0.2,random,0.6775
ID,2.0,L1,0.2,oracle,0.8
OOD,2.0,L1,0.2,fast,0.6033333333333334
OOD,2.0,L1,0.2,confidence,0.7481666666666666
OOD,2.0,L1,0.2,intuition,0.7481666666666666
OOD,2.0,L1,0.2,random,0.6821666666666667
OOD,2.0,L1,0.2,oracle,0.8033333333333333
ID,2.0,L1,0.3,fast,0.6
ID,2.0,L1,0.3,confidence,0.8088333333333333
ID,2.0,L1,0.3,intuition,0.8088333333333333
ID,2.0,L1,0.3,random,0.7131666666666666
ID,2.0,L1,0.3,oracle,0.9
OOD,2.0,L1,0.3,fast,0.6033333333333334
OOD,2.0,L1,0.3,confidence,0.812
OOD,2.0,L1,0.3,intuition,0.812
OOD,2.0,L1,0.3,random,0.7228333333333333
OOD,2.0,L1,0.3,oracle,0.9033333333333333
ID,2.0,L1,0.4,fast,0.6
ID,2.0,L1,0.4,confidence,0.865
ID,2.0,L1,0.4,intuition,0.865
ID,2.0,L1,0.4,random,0.7636666666666667
ID,2.0,L1,0.4,oracle,1.0
OOD,2.0,L1,0.4,fast,0.6033333333333334
OOD,2.0,L1,0.4,confidence,0.868
OOD,2.0,L1,0.4,intuition,0.868
OOD,2.0,L1,0.4,random,0.7565
OOD,2.0,L1,0.4,oracle,1.0
ID,2.0,L2,0.1,fast,0.6
ID,2.0,L2,0.1,confidence,0.6756666666666666
ID,2.0,L2,0.1,intuition,0.6798333333333333
ID,2.0,L2,0.1,random,0.6373333333333333
ID,2.0,L2,0.1,oracle,0.7
OOD,2.0,L2,0.1,fast,0.6033333333333334
OOD,2.0,L2,0.1,confidence,0.6768333333333333
OOD,2.0,L2,0.1,intuition,0.6821666666666667
OOD,2.0,L2,0.1,random,0.6373333333333333
OOD,2.0,L2,0.1,oracle,0.7033333333333334
ID,2.0,L2,0.2,fast,0.6
ID,2.0,L2,0.2,confidence,0.7455
ID,2.0,L2,0.2,intuition,0.7501666666666666
ID,2.0,L2,0.2,random,0.6775
ID,2.0,L2,0.2,oracle,0.8
OOD,2.0,L2,0.2,fast,0.6033333333333334
OOD,2.0,L2,0.2,confidence,0.7481666666666666
OOD,2.0,L2,0.2,intuition,0.7538333333333334
OOD,2.0,L2,0.2,random,0.6821666666666667
OOD,2.0,L2,0.2,oracle,0.8033333333333333
ID,2.0,L2,0.3,fast,0.6
ID,2.0,L2,0.3,confidence,0.8088333333333333
ID,2.0,L2,0.3,intuition,0.8155
ID,2.0,L2,0.3,random,0.7131666666666666
ID,2.0,L2,0.3,oracle,0.9
OOD,2.0,L2,0.3,fast,0.6033333333333334
OOD,2.0,L2,0.3,confidence,0.812
OOD,2.0,L2,0.3,intuition,0.8181666666666667
OOD,2.0,L2,0.3,random,0.7228333333333333
OOD,2.0,L2,0.3,oracle,0.9033333333333333
ID,2.0,L2,0.4,fast,0.6
ID,2.0,L2,0.4,confidence,0.865
ID,2.0,L2,0.4,intuition,0.8681666666666666
ID,2.0,L2,0.4,random,0.7636666666666667
ID,2.0,L2,0.4,oracle,1.0
OOD,2.0,L2,0.4,fast,0.6033333333333334
OOD,2.0,L2,0.4,confidence,0.868
OOD,2.0,L2,0.4,intuition,0.8766666666666667
OOD,2.0,L2,0.4,random,0.7565
OOD,2.0,L2,0.4,oracle,1.0
ID,2.0,L3,0.1,fast,0.6
ID,2.0,L3,0.1,confidence,0.6756666666666666
ID,2.0,L3,0.1,intuition,0.6878333333333333
ID,2.0,L3,0.1,random,0.6373333333333333
ID,2.0,L3,0.1,oracle,0.7
OOD,2.0,L3,0.1,fast,0.6033333333333334
OOD,2.0,L3,0.1,confidence,0.6768333333333333
OOD,2.0,L3,0.1,intuition,0.6891666666666667
OOD,2.0,L3,0.1,random,0.6373333333333333
OOD,2.0,L3,0.1,oracle,0.7033333333333334
ID,2.0,L3,0.2,fast,0.6
ID,2.0,L3,0.2,confidence,0.7455
ID,2.0,L3,0.2,intuition,0.7593333333333333
ID,2.0,L3,0.2,random,0.6775
ID,2.0,L3,0.2,oracle,0.8
OOD,2.0,L3,0.2,fast,0.6033333333333334
OOD,2.0,L3,0.2,confidence,0.7481666666666666
OOD,2.0,L3,0.2,intuition,0.7616666666666667
OOD,2.0,L3,0.2,random,0.6821666666666667
OOD,2.0,L3,0.2,oracle,0.8033333333333333
ID,2.0,L3,0.3,fast,0.6
ID,2.0,L3,0.3,confidence,0.8088333333333333
ID,2.0,L3,0.3,intuition,0.8241666666666667
ID,2.0,L3,0.3,random,0.7131666666666666
ID,2.0,L3,0.3,oracle,0.9
OOD,2.0,L3,0.3,fast,0.6033333333333334
OOD,2.0,L3,0.3,confidence,0.812
OOD,2.0,L3,0.3,intuition,0.83
OOD,2.0,L3,0.3,random,0.7228333333333333
OOD,2.0,L3,0.3,oracle,0.9033333333333333
ID,2.0,L3,0.4,fast,0.6
ID,2.0,L3,0.4,confidence,0.865
ID,2.0,L3,0.4,intuition,0.8791666666666667
ID,2.0,L3,0.4,random,0.7636666666666667
ID,2.0,L3,0.4,oracle,1.0
OOD,2.0,L3,0.4,fast,0.6033333333333334
OOD,2.0,L3,0.4,confidence,0.868
OOD,2.0,L3,0.4,intuition,0.8866666666666667
OOD,2.0,L3,0.4,random,0.7565
OOD,2.0,L3,0.4,oracle,1.0
ID,2.0,L4,0.1,fast,0.6
ID,2.0,L4,0.1,confidence,0.6756666666666666
ID,2.0,L4,0.1,intuition,0.6908333333333333
ID,2.0,L4,0.1,random,0.6373333333333333
ID,2.0,L4,0.1,oracle,0.7
OOD,2.0,L4,0.1,fast,0.6033333333333334
OOD,2.0,L4,0.1,confidence,0.6768333333333333
OOD,2.0,L4,0.1,intuition,0.6931666666666667
OOD,2.0,L4,0.1,random,0.6373333333333333
OOD,2.0,L4,0.1,oracle,0.7033333333333334
ID,2.0,L4,0.2,fast,0.6
ID,2.0,L4,0.2,confidence,0.7455
ID,2.0,L4,0.2,intuition,0.7688333333333334
ID,2.0,L4,0.2,random,0.6775
ID,2.0,L4,0.2,oracle,0.8
OOD,2.0,L4,0.2,fast,0.6033333333333334
OOD,2.0,L4,0.2,confidence,0.7481666666666666
OOD,2.0,L4,0.2,intuition,0.7698333333333334
OOD,2.0,L4,0.2,random,0.6821666666666667
OOD,2.0,L4,0.2,oracle,0.8033333333333333
ID,2.0,L4,0.3,fast,0.6
ID,2.0,L4,0.3,confidence,0.8088333333333333
ID,2.0,L4,0.3,intuition,0.8343333333333334
ID,2.0,L4,0.3,random,0.7131666666666666
ID,2.0,L4,0.3,oracle,0.9
OOD,2.0,L4,0.3,fast,0.6033333333333334
OOD,2.0,L4,0.3,confidence,0.812
OOD,2.0,L4,0.3,intuition,0.8385
OOD,2.0,L4,0.3,random,0.7228333333333333
OOD,2.0,L4,0.3,oracle,0.9033333333333333
ID,2.0,L4,0.4,fast,0.6
ID,2.0,L4,0.4,confidence,0.865
ID,2.0,L4,0.4,intuition,0.8886666666666667
ID,2.0,L4,0.4,random,0.7636666666666667
ID,2.0,L4,0.4,oracle,1.0
OOD,2.0,L4,0.4,fast,0.6033333333333334
OOD,2.0,L4,0.4,confidence,0.868
OOD,2.0,L4,0.4,intuition,0.8921666666666667
OOD,2.0,L4,0.4,random,0.7565
OOD,2.0,L4,0.4,oracle,1.0
