file,match,sha256
adaptive_budget_results.csv,True,8fe03c93c50bc9565a9445dee84724e39958a5e5d6c22f63e5f145f3e46e0eb2
primary_bootstrap.csv,True,fe30bcfe371fd48cb9b39a798a4d1a275b6784625ad69c8e7ade02118173377f
incremental_information_diagnostic.csv,True,bd10f40c5e864662ee3b57ebf1e523528a7ca424aad11767e3b7aaed04df46e2
latent_information_construction_audit.csv,True,9e7930f2a3baf4bf3d3c72893a5ed8399d7bece6660dd9c518294f22eeb10262
difficulty_quartile_breakdown.csv,True,625d610497f9946e9b8cc2aaa3179ec58aa4f2299c345b88f4b9cea0597ff652
confidence_baseline_strength.csv,True,57e243fdc9669f47345af7db520f80001c51f4e2186b5671b293510a8b15ded5
primary_20pct_comparison.csv,True,154cee8acadc39761ba340d16270798946abd3e6d23a1e36f12d49eed86fceb0
audit_checks.csv,True,50768b3cb9a1818fae7c60206b2c2bbc57531f21bb188064ae3f0878c114c1f5
manifest.json,True,995bfeb471154aeb58e7fa1d204d33e4241b668e7dffcb040fb104be87dcc2ae
